Player,Pos,School,College,Ht,Wt,40yd,Vertical,Bench,Broad Jump,3Cone,Shuttle,Drafted (tm/rnd/yr)
Kevin Akins,OLB,Boston College,College Stats,6-2,218,4.73,31.5,15,117,6.78,4.15,
Roger Allen\AlleRo20,OG,Missouri Western,,6-3,326,5.25,,,,,,
Asher Allen\AlleAs99,CB,Georgia,College Stats,5-9,194,4.48,35.0,22,115,6.93,4.30,Minnesota Vikings / 3rd / 86th pick / 2009
Stanley Arnoux\ArnoSt99,ILB,Wake Forest,College Stats,6-0,232,4.56,31.5,19,121,7.22,4.39,New Orleans Saints / 4th / 118th pick / 2009
Robert Ayers\AyerRo99,DE,Tennessee,College Stats,6-3,272,4.77,29.5,18,102,7.56,4.51,Denver Broncos / 1st / 18th pick / 2009
Chris Baker,DT,Hampton,,6-2,326,4.94,35.5,24,106,8.06,4.90,
Ramses Barden\BardRa00,WR,Cal Poly,,6-6,229,4.51,33.5,17,118,,4.26,New York Giants / 3rd / 85th pick / 2009
Kevin Barnes\BarnKe99,CB,Maryland,College Stats,6-0,187,4.45,38.5,,128,6.72,3.96,Washington Redskins / 3rd / 80th pick / 2009
Connor Barwin\BarwCo99,OLB,Cincinnati,College Stats,6-4,256,4.47,40.5,21,128,6.87,4.18,Houston Texans / 2nd / 46th pick / 2009
Will Beatty\BeatWi20,OT,Texas Tech,College Stats,6-6,307,5.06,33.5,27,107,7.62,4.77,New York Giants / 2nd / 60th pick / 2009
Travis Beckum\BeckTr00,TE,Wisconsin,College Stats,6-3,243,4.61,,28,,,,New York Giants / 3rd / 100th pick / 2009
Darry Beckwith\BeckDa99,ILB,LSU,College Stats,6-0,242,4.63,26.5,23,110,7.39,4.50,
Kahlil Bell\BellKa00,RB,UCLA,College Stats,5-11,212,4.74,34.5,15,114,6.87,4.20,
Joel Bell,OT,Furman,,6-7,315,5.11,30.0,27,109,7.55,4.57,
Michael Bennett\BennMi99,DE,Texas A&M,College Stats,6-3,274,4.86,31.0,24,110,,,
Demonte' Bolden,DT,Tennessee,,6-3,285,4.95,31.5,,109,7.50,4.78,
Jason Boltus,QB,Hartwick,,6-3,225,4.82,31.5,26,111,7.00,4.47,
Rhett Bomar\BomaRh00,QB,Sam Houston State,,6-2,225,4.70,,25,106,6.91,4.06,New York Giants / 5th / 151st pick / 2009
Alex Boone\BoonAl21,OT,Ohio State,,6-7,328,5.16,27.5,33,103,7.83,4.69,
Ron Brace\BracRo99,DT,Boston College,College Stats,6-3,330,5.48,28.0,32,99,8.15,4.73,New England Patriots / 2nd / 40th pick / 2009
Tom Brandstater\BranTo00,QB,Fresno State,College Stats,6-5,220,4.87,28.5,,106,6.93,4.37,Denver Broncos / 6th / 174th pick / 2009
Marquez Branson\BranMa00,FB,Central Arkansas,,6-2,247,4.55,35.0,22,109,,,
Justin Brantly,P,Texas A&M,College Stats,6-3,249,4.83,,,,,,
Robert Brewster\BrewRo20,OT,Ball State,,6-4,325,5.29,30.5,23,98,7.68,4.75,Dallas Cowboys / 3rd / 75th pick / 2009
Travis Bright,OG,BYU,College Stats,6-4,321,5.26,35.5,34,108,7.75,4.72,
Jasper Brinkley\BrinJa99,ILB,South Carolina,College Stats,6-2,252,4.67,35.5,26,114,7.03,4.32,Minnesota Vikings / 5th / 150th pick / 2009
Kenny Britt\BritKe00,WR,Rutgers,College Stats,6-3,218,4.47,37.0,23,124,,4.47,Tennessee Titans / 1st / 30th pick / 2009
Eben Britton\BritEb20,OT,Arizona,College Stats,6-6,309,5.14,28.5,24,100,7.87,4.91,Jacksonville Jaguars / 2nd / 39th pick / 2009
Jared Bronson\BronJa00,TE,Central Washington,,6-4,253,4.70,32.5,,116,7.15,4.33,
Nathan Brown,QB,Central Arkansas,,6-1,219,4.86,30.5,,106,7.43,4.44,
Everette Brown\BrowEv99,DE,Florida State,College Stats,6-1,256,4.65,31.5,26,114,7.55,4.53,Carolina Panthers / 2nd / 43rd pick / 2009
Donald Brown\BrowDo00,RB,Connecticut,College Stats,5-10,210,4.46,41.5,,125,6.93,4.10,Indianapolis Colts / 1st / 27th pick / 2009
Cody Brown\BrowCo96,OLB,Connecticut,College Stats,6-2,244,4.76,36.5,26,120,7.10,4.40,Arizona Cardinals / 2nd / 63rd pick / 2009
Andre Brown\BrowAn03,RB,North Carolina State,College Stats,6-0,224,4.37,37.0,24,115,7.35,4.33,New York Giants / 4th / 129th pick / 2009
Rob Bruggeman\BrugRo20,C,Iowa,,6-4,293,5.05,,30,,,,
David Bruton\BrutDa99,FS,Notre Dame,College Stats,6-2,219,4.40,41.5,19,132,6.60,4.28,Denver Broncos / 4th / 114th pick / 2009
David Buehler\BuehDa44,K,Southern California,College Stats,6-2,227,4.57,,25,,,,Dallas Cowboys / 5th / 172nd pick / 2009
Joe Burnett\BurnJo99,CB,Central Florida,College Stats,5-9,192,4.58,35.5,22,118,6.68,4.25,Pittsburgh Steelers / 5th / 168th pick / 2009
Victor Butler\ButlVi99,OLB,Oregon State,College Stats,6-2,248,4.72,33.0,24,113,7.21,4.40,Dallas Cowboys / 4th / 110th pick / 2009
Deon Butler\ButlDe00,WR,Penn State,College Stats,5-10,182,4.31,34.5,12,118,7.01,4.48,Seattle Seahawks / 3rd / 91st pick / 2009
Darius Butler\ButlDa99,CB,Connecticut,College Stats,5-10,183,4.41,43.0,,134,6.92,4.18,New England Patriots / 2nd / 41st pick / 2009
Jairus Byrd\ByrdJa99,CB,Oregon,College Stats,5-10,207,4.68,,,,,,Buffalo Bills / 2nd / 42nd pick / 2009
Demetrius Byrd,WR,LSU,College Stats,6-0,199,4.35,31.5,,117,,,San Diego Chargers / 7th / 224th pick / 2009
Gerald Cadogan,OT,Penn State,,6-5,309,4.99,25.0,26,95,8.05,4.80,
Antoine Caldwell\CaldAn20,C,Alabama,College Stats,6-3,309,5.24,28.0,23,111,7.96,5.04,Houston Texans / 3rd / 77th pick / 2009
Ian Campbell,DE,Kansas State,College Stats,6-4,265,4.99,,,109,6.93,4.28,
Trevor Canfield\CanfTr20,OG,Cincinnati,,6-4,307,5.28,,29,,,,Arizona Cardinals / 7th / 254th pick / 2009
Hunter Cantwell\CantHu00,QB,Louisville,College Stats,6-4,235,5.22,26.0,,99,7.40,4.59,
Don Carey\CareDo00,CB,Norfolk State,,5-11,192,4.49,,18,,,,Cleveland Browns / 6th / 177th pick / 2009
Rudy Carpenter\CarpRu00,QB,Arizona State,College Stats,6-2,218,4.89,29.0,11,100,7.25,4.47,
James Casey\CaseJa00,FB,Rice,College Stats,6-3,246,4.69,36.0,28,111,7.00,4.48,Houston Texans / 5th / 152nd pick / 2009
Jonathan Casillas\CasiJo99,OLB,Wisconsin,College Stats,6-1,228,4.50,,24,,,,
Jeremy Childs,WR,Boise State,College Stats,6-0,200,4.47,33.5,,115,6.90,4.26,
Patrick Chung\ChunPa99,SS,Oregon,College Stats,5-11,212,4.49,34.0,25,119,,,New England Patriots / 2nd / 34th pick / 2009
Chris Clemons\ClemCh97,FS,Clemson,College Stats,6-0,208,4.33,37.5,19,127,7.27,4.38,Miami Dolphins / 5th / 165th pick / 2009
Glen Coffee\CoffGl00,RB,Alabama,College Stats,6-0,209,4.50,36.0,24,121,7.35,4.51,San Francisco 49ers / 3rd / 74th pick / 2009
Chase Coffman\CoffCh00,TE,Missouri,College Stats,6-6,244,4.83,,,,,,Cincinnati Bengals / 3rd / 98th pick / 2009
Austin Collie\CollAu00,WR,BYU,College Stats,6-1,200,4.53,34.0,17,120,6.78,4.24,Indianapolis Colts / 4th / 127th pick / 2009
Britton Colquitt\ColqBr00,P,Tennessee,College Stats,6-3,205,4.89,,,,,,
Jason Cook,FB,Mississippi,College Stats,5-11,244,4.71,,21,,,,
Jared Cook\CookJa02,TE,South Carolina,College Stats,6-5,246,4.49,41.0,23,123,,,Tennessee Titans / 3rd / 89th pick / 2009
Emanuel Cook\CookEm99,SS,South Carolina,,5-10,197,4.57,35.0,18,116,,,
Jon Cooper\CoopJo21,C,Oklahoma,,6-2,291,5.09,29.5,31,105,7.46,4.60,
Quan Cosby\CosbQu00,WR,Texas,College Stats,5-9,196,4.50,,,,7.28,4.47,
Michael Crabtree\CrabMi00,WR,Texas Tech,College Stats,6-1,215,4.54,,,,,,San Francisco 49ers / 1st / 10th pick / 2009
Aaron Curry\CurrAa99,OLB,Wake Forest,College Stats,6-2,254,4.52,37.0,25,124,7.15,4.51,Seattle Seahawks / 1st / 4th pick / 2009
Brian Cushing\CushBr99,OLB,Southern California,College Stats,6-3,243,4.64,35.0,30,120,6.84,4.22,Houston Texans / 1st / 15th pick / 2009
Chase Daniel\DaniCh00,QB,Missouri,College Stats,6-0,218,4.79,33.0,,,7.28,4.31,
Will Davis\DaviWi99,DE,Illinois,College Stats,6-2,261,4.84,33.0,27,115,7.38,4.45,Arizona Cardinals / 6th / 204th pick / 2009
Vontae Davis\DaviVo99,CB,Illinois,College Stats,5-11,203,4.40,36.0,25,125,6.75,4.07,Miami Dolphins / 1st / 25th pick / 2009
Rulon Davis,DE,California,College Stats,6-5,281,5.00,30.0,20,111,,,
Nate Davis\DaviNa00,QB,Ball State,College Stats,6-1,226,4.95,26.5,,99,,,San Francisco 49ers / 5th / 171st pick / 2009
James Davis\DaviJa03,RB,Clemson,College Stats,5-11,218,4.45,32.0,17,109,7.15,4.37,Cleveland Browns / 6th / 195th pick / 2009
C.J. Davis\DaviC.20,OG,Pittsburgh,College Stats,6-2,308,5.51,25.5,21,88,8.09,4.93,
Louis Delmas\DelmLo99,FS,Western Michigan,College Stats,5-11,202,4.52,37.0,12,126,6.67,4.17,Detroit Lions / 2nd / 33rd pick / 2009
Jarett Dillard\DillJa00,WR,Rice,College Stats,5-10,191,4.50,42.5,13,129,7.10,4.41,Jacksonville Jaguars / 5th / 144th pick / 2009
Davon Drew\DrewDa00,TE,East Carolina,College Stats,6-4,256,4.78,29.5,17,113,7.28,4.56,Baltimore Ravens / 5th / 149th pick / 2009
Dominique Edison\EdisDo00,WR,Stephen F. Austin,,6-2,204,4.42,37.0,,120,,4.18,Tennessee Titans / 6th / 206th pick / 2009
Pannel Egboh\EgboPa00,DE,Stanford,College Stats,6-6,276,4.86,31.5,26,116,7.24,4.40,
Dannell Ellerbe\ElleDa99,ILB,Georgia,College Stats,6-1,236,4.63,35.0,,118,7.00,4.23,
Kevin Ellison\ElliKe98,OLB,Southern California,College Stats,6-1,227,4.75,,32,,,,San Diego Chargers / 6th / 189th pick / 2009
Larry English\EnglLa99,OLB,Northern Illinois,College Stats,6-2,255,4.74,36.0,24,107,7.26,4.38,San Diego Chargers / 1st / 16th pick / 2009
Maurice Evans\EvanMa99,DE,Penn State,College Stats,6-1,274,4.78,29.0,17,107,7.32,4.57,
Paul Fanaika\FanaPa20,OG,Arizona State,,6-5,327,5.48,,15,,,,Philadelphia Eagles / 7th / 213th pick / 2009
Marlon Favorite,DT,LSU,College Stats,6-1,314,5.09,,26,,,,
Ray Feinga\FeinRa20,OG,BYU,,6-4,337,5.32,,30,,,,
Anthony Felder,ILB,California,College Stats,6-2,233,4.69,,28,116,,,
Robby Felix,C,Texas-El Paso,,6-3,302,5.20,29.0,33,97,7.96,4.73,
Tony Fiammetta\FiamTo00,FB,Syracuse,College Stats,6-0,245,4.58,34.0,30,112,7.31,4.49,Carolina Panthers / 4th / 128th pick / 2009
Bradley Fletcher\FletBr99,CB,Iowa,College Stats,6-0,196,4.44,38.5,20,122,7.04,4.29,St. Louis Rams / 3rd / 66th pick / 2009
Alex Fletcher,C,Stanford,,6-2,297,5.39,28.0,30,96,7.78,4.65,
Matt Fodge,P,Oklahoma State,College Stats,6-0,193,4.93,,,,,,
Moise Fokou\FokoMo99,OLB,Maryland,College Stats,6-1,233,4.65,31.0,12,121,7.09,4.28,Philadelphia Eagles / 7th / 230th pick / 2009
Zack Follett\FollZa99,OLB,California,College Stats,6-2,236,4.69,37.0,,117,7.31,,Detroit Lions / 7th / 235th pick / 2009
Ramon Foster\FostRa21,OT,Tennessee,College Stats,6-5,328,5.57,26.0,20,92,7.96,4.98,
Brooks Foster\FostBr00,WR,North Carolina,College Stats,6-0,211,4.44,,27,,,,St. Louis Rams / 5th / 160th pick / 2009
Arian Foster\FostAr00,RB,Tennessee,College Stats,6-1,226,4.69,,23,,,,
Coye Francies\FranCo99,CB,San Jose State,College Stats,6-0,185,4.63,36.0,24,123,6.81,4.24,Cleveland Browns / 6th / 191st pick / 2009
Marcus Freeman,OLB,Ohio State,College Stats,6-1,239,4.51,37.0,30,113,6.98,4.12,Chicago Bears / 5th / 154th pick / 2009
Josh Freeman\FreeJo00,QB,Kansas State,College Stats,6-6,248,4.90,33.5,,119,7.11,4.43,Tampa Bay Buccaneers / 1st / 17th pick / 2009
Xavier Fulton\FultXa20,OT,Illinois,,6-4,302,5.01,31.0,27,111,7.35,4.56,Tampa Bay Buccaneers / 5th / 155th pick / 2009
Graham Gano\GanoGr44,K,Florida State,College Stats,6-0,194,,,,,,,
Juan Garcia,OG,Washington,,6-2,307,5.28,25.0,34,93,8.00,4.87,
Andrew Gardner\GardAn20,OT,Georgia Tech,,6-7,304,4.96,,,,,,Miami Dolphins / 6th / 181st pick / 2009
Dan Gay,OG,Baylor,,6-4,308,5.48,22.5,18,86,8.67,5.42,
Brandon Gibson\GibsBr00,WR,Washington State,College Stats,6-0,210,4.59,,,,,,Philadelphia Eagles / 6th / 194th pick / 2009
Jarron Gilbert\GilbJa99,DE,San Jose State,College Stats,6-5,288,4.81,35.5,28,119,7.70,4.56,Chicago Bears / 3rd / 68th pick / 2009
Cody Glenn\GlenCo99,OLB,Nebraska,College Stats,6-0,244,4.67,,25,,,,Washington Redskins / 5th / 158th pick / 2009
Mike Goodson\GoodMi00,RB,Texas A&M,College Stats,6-0,208,4.43,39.5,14,118,6.89,4.22,Carolina Panthers / 4th / 111th pick / 2009
Adrian Grady\GradAd99,DT,Louisville,College Stats,6-1,298,5.18,32.0,31,105,7.68,4.72,
Tyronne Green\GreeTy20,OG,Auburn,College Stats,6-2,309,5.40,,22,,,,San Diego Chargers / 4th / 133rd pick / 2009
Shonn Greene\GreeSh00,RB,Iowa,College Stats,5-10,227,4.55,37.0,19,121,7.10,4.40,New York Jets / 3rd / 65th pick / 2009
Courtney Greene\GreeCo99,SS,Rutgers,College Stats,6-0,212,4.55,34.5,21,116,7.35,4.16,Seattle Seahawks / 7th / 245th pick / 2009
Sean Griffin,LS,Michigan,College Stats,6-1,242,5.08,,14,,,,
Dan Gronkowski\GronDa00,TE,Maryland,College Stats,6-5,255,4.79,33.0,26,122,6.92,4.26,Detroit Lions / 7th / 255th pick / 2009
Michael Hamlin\HamlMi99,SS,Clemson,College Stats,6-2,214,4.57,37.5,17,117,7.14,4.42,Dallas Cowboys / 5th / 166th pick / 2009
Cullen Harper,QB,Clemson,College Stats,6-3,225,4.86,30.0,19,105,7.43,4.49,
Graham Harrell\HarrGr00,QB,Texas Tech,College Stats,6-2,223,4.95,29.5,,98,7.45,4.56,
Sunny Harris,DT,Michigan State,,6-4,298,4.88,25.5,28,106,8.18,4.87,
Nic Harris\HarrNi99,OLB,Oklahoma,College Stats,6-2,234,4.83,31.5,15,109,7.05,4.37,Buffalo Bills / 5th / 147th pick / 2009
Macho Harris\HarrVi99,CB,Virginia Tech,College Stats,5-11,198,4.46,33.5,,118,6.68,3.98,Philadelphia Eagles / 5th / 157th pick / 2009
Cary Harris\HarrCa99,CB,Southern California,College Stats,5-11,187,4.66,,18,,,,Buffalo Bills / 6th / 183rd pick / 2009
Brian Hartline\HartBr00,WR,Ohio State,College Stats,6-2,195,4.49,34.5,,120,6.65,4.12,Miami Dolphins / 4th / 108th pick / 2009
Percy Harvin\HarvPe00,WR,Florida,College Stats,5-11,192,4.39,,19,,,,Minnesota Vikings / 1st / 22nd pick / 2009
Brett Helms,C,LSU,College Stats,6-2,286,5.39,,25,,,,
Darrius Heyward-Bey\HeywDa00,WR,Maryland,College Stats,6-2,210,4.30,38.5,16,126,6.80,4.18,Oakland Raiders / 1st / 7th pick / 2009
Sammie Hill,DT,Colorado,,6-4,329,5.12,28.0,27,109,7.89,4.97,
P.J. Hill\HillPJ00,RB,Wisconsin,College Stats,5-10,222,4.63,,,,,,
Anthony Hill\HillAn00,TE,North Carolina State,College Stats,6-5,262,4.84,30.5,21,107,7.31,4.56,Houston Texans / 4th / 122nd pick / 2009
Stephen Hodge\HodgSt99,OLB,TCU,College Stats,6-0,234,4.59,35.0,22,115,7.21,4.34,Dallas Cowboys / 6th / 197th pick / 2009
Chase Holbrook,QB,New Mexico State,College Stats,6-4,242,5.12,27.0,,108,7.93,4.65,
Lendy Holmes\HolmLe99,FS,Oklahoma,College Stats,6-0,206,4.65,32.0,16,112,7.28,4.32,
Ziggy Hood\HoodEv99,DT,Missouri,College Stats,6-3,300,4.83,33.0,34,108,7.50,4.55,Pittsburgh Steelers / 1st / 32nd pick / 2009
Brian Hoyer\HoyeBr00,QB,Michigan State,College Stats,6-2,215,5.02,32.0,,109,7.10,4.42,
Kevin Huber\HubeKe20,P,Cincinnati,College Stats,6-1,220,4.87,,,,,,Cincinnati Bengals / 5th / 142nd pick / 2009
Brandon Hughes\HughBr99,CB,Oregon State,College Stats,5-10,182,4.40,36.5,8,128,6.90,4.23,San Diego Chargers / 5th / 148th pick / 2009
Juaquin Iglesias\IgleJu00,WR,Oklahoma,College Stats,6-1,210,4.44,34.5,,116,,4.40,Chicago Bears / 3rd / 99th pick / 2009
Jake Ingram\IngrJa20,LS,Hawaii,College Stats,6-3,232,4.90,,15,,,,New England Patriots / 6th / 198th pick / 2009
Cornelius Ingram\IngrCo00,TE,Florida,,6-4,245,4.68,33.0,21,,7.12,4.53,Philadelphia Eagles / 5th / 153rd pick / 2009
Corvey Irvin\IrviCo99,DT,Georgia,College Stats,6-3,301,4.96,24.5,24,97,7.44,4.73,Carolina Panthers / 3rd / 93rd pick / 2009
Greg Isdaner,OG,West Virginia,,6-3,325,5.28,27.0,24,92,7.96,5.07,
Mortty Ivy\IvyxMo99,ILB,West Virginia,College Stats,6-1,248,4.78,25.5,18,104,7.35,4.75,
Tyson Jackson\JackTy98,DE,LSU,College Stats,6-4,296,4.94,28.5,,102,7.64,4.80,Kansas City Chiefs / 1st / 3rd pick / 2009
Tim Jamison\JamiTi99,DE,Michigan,College Stats,6-2,256,4.95,30.0,21,107,7.56,4.60,
Ricky Jean-Francois\JeanRi99,DT,Iowa,College Stats,6-3,295,5.19,26.0,25,93,,,San Francisco 49ers / 7th / 244th pick / 2009
Malcolm Jenkins\JenkMa99,CB,Ohio State,College Stats,6-0,204,4.51,33.0,15,124,6.59,4.08,New Orleans Saints / 1st / 14th pick / 2009
Rashad Jennings\JennRa00,RB,Liberty,,6-1,231,4.52,34.0,29,120,6.86,4.20,Jacksonville Jaguars / 7th / 250th pick / 2009
Peria Jerry\JerrPe99,DT,Mississippi,College Stats,6-2,299,4.98,,,,,,Atlanta Falcons / 1st / 24th pick / 2009
Taurus Johnson,WR,South Florida,College Stats,6-0,206,4.49,35.5,18,121,7.37,4.24,
Rashad Johnson\JohnRa98,FS,Alabama,College Stats,5-11,203,4.49,37.0,15,120,7.09,4.23,Arizona Cardinals / 3rd / 95th pick / 2009
Quinn Johnson\JohnQu00,FB,LSU,College Stats,6-1,246,4.72,32.0,16,115,,,Green Bay Packers / 5th / 145th pick / 2009
Michael Johnson\JohnMi98,DE,Georgia Tech,College Stats,6-7,266,4.61,38.5,28,128,7.42,4.37,Cincinnati Bengals / 3rd / 70th pick / 2009
Manuel Johnson\JohnMa04,WR,Oklahoma,College Stats,5-11,189,4.50,,,,,,Dallas Cowboys / 7th / 229th pick / 2009
Jeremiah Johnson\JohnJe01,RB,Oregon,College Stats,5-9,209,4.57,35.0,20,115,,,
Ian Johnson\JohnIa00,RB,Boise State,College Stats,5-11,212,4.41,33.0,26,116,6.93,4.18,
Herman Johnson\JohnHe23,OG,LSU,College Stats,6-7,364,5.50,,21,,,,Arizona Cardinals / 5th / 167th pick / 2009
Gartrell Johnson\JohnGa01,RB,Colorado State,College Stats,5-10,219,4.67,34.0,20,114,,,San Diego Chargers / 4th / 134th pick / 2009
David Johnson\JohnDa05,FB,Arkansas State,College Stats,6-1,260,4.73,32.5,21,113,7.28,4.43,Pittsburgh Steelers / 7th / 241st pick / 2009
D.J. Johnson\JohnDo99,CB,Michigan State,,6-1,197,4.50,32.0,7,116,7.00,4.30,
Bruce Johnson\JohnBr97,CB,Miami (FL),College Stats,5-9,170,4.42,34.5,6,125,6.71,4.05,
Aaron Kelly,WR,Clemson,College Stats,6-4,204,4.49,38.0,11,119,7.25,4.45,
Andy Kemp,OG,Wisconsin,,6-5,313,5.35,25.5,23,91,7.86,4.86,
Anthony Kimble,RB,Stanford,College Stats,6-0,216,4.54,36.0,17,122,7.08,4.40,
Mitch King\KingMi99,DT,Iowa,College Stats,6-1,280,4.81,33.5,23,109,7.60,4.58,
Terrance Knighton\KnigTe99,DT,Temple,College Stats,6-3,321,4.93,28.0,,103,7.90,4.78,Jacksonville Jaguars / 3rd / 72nd pick / 2009
Johnny Knox\KnoxJo00,WR,Abilene Christian,,5-11,185,4.34,35.0,,122,6.81,4.15,Chicago Bears / 5th / 140th pick / 2009
Troy Kropog\KropTr20,OT,Tulane,College Stats,6-5,309,5.30,30.0,21,100,7.65,4.84,Tennessee Titans / 4th / 135th pick / 2009
Paul Kruger\KrugPa99,DE,Utah,College Stats,6-4,263,4.79,32.5,24,108,7.52,4.47,Baltimore Ravens / 2nd / 57th pick / 2009
James Laurinaitis\LaurJa99,ILB,Ohio State,College Stats,6-2,244,4.72,33.0,22,115,6.93,4.24,St. Louis Rams / 2nd / 35th pick / 2009
Quinten Lawrence\LawrQu00,WR,McNeese State,,6-0,184,4.40,,20,,,,Kansas City Chiefs / 6th / 175th pick / 2009
Andy Levitre\LeviAn20,OG,Oregon State,College Stats,6-3,305,5.33,30.5,23,103,,4.52,Buffalo Bills / 2nd / 51st pick / 2009
DeAndre Levy\LevyDe99,OLB,Wisconsin,College Stats,6-2,236,4.56,,19,119,,,Detroit Lions / 3rd / 76th pick / 2009
Keenan Lewis\LewiKe96,CB,Oregon State,College Stats,6-1,208,4.47,33.5,19,123,,,Pittsburgh Steelers / 3rd / 96th pick / 2009
Cornelius Lewis,OT,Tennessee State,,6-3,332,5.22,24.5,29,90,,,
Kyle Link,OT,McNeese State,,6-5,305,5.45,,19,,,,
Phil Loadholt\LoadPh20,OT,Oklahoma,College Stats,6-8,332,5.45,29.0,24,95,8.18,5.06,Minnesota Vikings / 2nd / 54th pick / 2009
Marlon Lucky,RB,Nebraska,College Stats,5-11,216,4.50,33.5,18,114,7.10,,
Jonathan Luigs\LuigJo20,C,Arkansas,College Stats,6-4,301,5.14,31.0,26,99,7.69,4.79,Cincinnati Bengals / 4th / 106th pick / 2009
Alex Mack\MackAl20,C,California,College Stats,6-4,311,5.17,,,,,,Cleveland Browns / 1st / 21st pick / 2009
Jeremy Maclin\MaclJe00,WR,Missouri,College Stats,6-0,198,4.43,,,,,,Philadelphia Eagles / 1st / 19th pick / 2009
Alex Magee\MageAl99,DT,Purdue,College Stats,6-3,298,4.82,29.5,30,103,7.52,4.55,Kansas City Chiefs / 3rd / 67th pick / 2009
Kaluka Maiava\MaiaKa99,OLB,Southern California,College Stats,5-11,229,4.65,,30,110,6.98,4.20,Cleveland Browns / 4th / 104th pick / 2009
Marcus Mailei\MailMa00,FB,Weber State,,6-0,248,4.87,35.0,22,113,7.36,4.33,
Brennan Marion,WR,Tulsa,College Stats,5-11,187,4.52,,,,,,
Sen'Derrick Marks\MarkSe99,DT,Auburn,College Stats,6-2,306,5.00,33.0,,,,,Tennessee Titans / 2nd / 62nd pick / 2009
Sherrod Martin\MartSh99,CB,Troy,College Stats,6-1,198,4.43,36.0,12,123,6.60,3.98,Carolina Panthers / 2nd / 59th pick / 2009
Orion Martin\MartOr99,DE,Virginia Tech,College Stats,6-2,262,4.70,32.0,24,108,7.90,4.63,
Jose Martinez,K,Texas-El Paso,College Stats,5-9,197,4.96,,,,,,
Mohamed Massaquoi\MassMo00,WR,Georgia,College Stats,6-1,210,4.51,36.5,,127,,,Cleveland Browns / 2nd / 50th pick / 2009
Tim Masthay\MastTi99,P,Kentucky,College Stats,6-1,198,4.80,,8,,,,
Clay Matthews\MattCl99,OLB,Southern California,College Stats,6-3,240,4.58,35.5,23,121,6.90,4.18,Green Bay Packers / 1st / 26th pick / 2009
Rey Maualuga\MauaRe99,ILB,Southern California,College Stats,6-2,249,4.58,,23,107,,,Cincinnati Bengals / 2nd / 38th pick / 2009
Josh Mauga\MaugJo00,ILB,Nevada,,6-1,243,4.61,,,,,,
Aaron Maybin\MaybAa99,DE,Penn State,College Stats,6-4,249,4.64,38.0,22,124,7.52,4.38,Buffalo Bills / 1st / 11th pick / 2009
Darcel McBath\McBaDa99,FS,Texas Tech,College Stats,6-0,198,4.53,38.0,14,119,6.80,4.16,Denver Broncos / 2nd / 48th pick / 2009
Marcus McClinton,FS,Kentucky,College Stats,6-0,210,4.49,37.0,16,120,7.45,4.22,
LeSean McCoy\McCoLe01,RB,Pittsburgh,College Stats,5-10,198,4.50,,,,,,Philadelphia Eagles / 2nd / 53rd pick / 2009
Stephen McGee\McGeSt00,QB,Texas A&M,College Stats,6-3,225,4.61,33.0,,112,7.34,4.49,Dallas Cowboys / 4th / 101st pick / 2009
Ryan McKee\McKeRy00,OT,Southern Miss,College Stats,6-6,296,5.03,,,,,,
Tyrone McKenzie\McKeTy99,OLB,South Florida,College Stats,6-2,243,4.76,,27,112,,,New England Patriots / 3rd / 97th pick / 2009
Scott McKillop\McKiSc99,ILB,Pittsburgh,College Stats,6-1,244,4.70,35.5,27,119,7.00,4.39,San Francisco 49ers / 5th / 146th pick / 2009
Kenny McKinley\McKiKe00,WR,South Carolina,College Stats,6-0,189,4.37,37.0,,113,6.96,4.10,Denver Broncos / 5th / 141st pick / 2009
Gerald McRath\McRaGe99,ILB,Southern Miss,College Stats,6-2,231,4.49,34.0,19,123,7.24,4.35,Tennessee Titans / 4th / 130th pick / 2009
Andrew Means,WR,Indiana,College Stats,6-1,214,4.36,34.5,12,116,6.85,4.21,
Jamon Meredith\MereJa20,OT,South Carolina,College Stats,6-5,304,4.99,28.0,31,105,8.01,4.82,Green Bay Packers / 5th / 162nd pick / 2009
Mike Mickens\MickMi99,CB,Cincinnati,College Stats,5-11,184,4.53,,,,,,Dallas Cowboys / 7th / 227th pick / 2009
Roy Miller\MillRo99,DT,Texas,College Stats,6-1,310,4.93,32.0,36,103,8.01,4.74,Tampa Bay Buccaneers / 3rd / 81st pick / 2009
Mo Miller,OG,Michigan State,,6-3,327,5.38,28.5,21,97,8.42,5.03,
Marko Mitchell\MitcMa00,WR,Nevada,College Stats,6-4,218,4.43,32.0,9,116,7.04,4.33,Washington Redskins / 7th / 243rd pick / 2009
Khalif Mitchell\MitcKh99,DT,East Carolina,College Stats,6-5,318,5.04,30.0,30,109,7.45,4.71,
Fili Moala\MoalFi99,DT,Southern California,College Stats,6-4,305,5.07,30.5,25,100,,,Indianapolis Colts / 2nd / 56th pick / 2009
Eugene Monroe\MonrEu20,OT,Virginia,College Stats,6-5,309,5.18,28.5,23,110,7.86,4.78,Jacksonville Jaguars / 1st / 8th pick / 2009
William Moore\MoorWi99,SS,Missouri,College Stats,6-0,221,4.49,37.0,16,123,6.81,4.26,Atlanta Falcons / 2nd / 55th pick / 2009
Kyle Moore\MoorKy99,DE,Southern California,College Stats,6-5,272,4.76,30.5,22,105,7.40,4.47,Tampa Bay Buccaneers / 4th / 117th pick / 2009
D.J. Moore\MoorDJ99,CB,Vanderbilt,College Stats,5-9,192,4.56,39.5,17,118,7.01,4.28,Chicago Bears / 4th / 119th pick / 2009
Knowshon Moreno\MoreKn00,RB,Georgia,College Stats,5-11,217,4.50,35.5,25,115,6.84,4.27,Denver Broncos / 1st / 12th pick / 2009
Cameron Morrah\MorrCa00,TE,California,College Stats,6-3,244,4.61,32.5,24,115,6.99,4.36,Seattle Seahawks / 7th / 248th pick / 2009
Thomas Morstead\MorsTh00,P,Southern Methodist,College Stats,6-4,225,4.83,,19,,,,New Orleans Saints / 5th / 164th pick / 2009
Ryan Mouton\MoutRy99,CB,Hawaii,College Stats,5-9,187,4.47,39.5,18,129,,,Tennessee Titans / 3rd / 94th pick / 2009
Captain Munnerlyn\MunnCa99,CB,South Carolina,College Stats,5-8,182,4.41,37.5,19,121,7.15,4.20,Carolina Panthers / 7th / 216th pick / 2009
Louis Murphy\MurpLo00,WR,Florida,College Stats,6-2,203,4.32,,12,,,,Oakland Raiders / 4th / 124th pick / 2009
Lydon Murtha\MurtLy20,OT,Nebraska,College Stats,6-7,306,4.82,35.0,25,110,7.06,4.34,Detroit Lions / 7th / 228th pick / 2009
Rob Myers\MyerRo00,FB,Utah State,,6-3,243,4.58,,,,,,
Shawn Nelson\NelsSh00,TE,Southern Miss,College Stats,6-5,240,4.52,33.0,19,115,6.96,4.46,Buffalo Bills / 4th / 121st pick / 2009
Hakeem Nicks\NickHa01,WR,North Carolina,College Stats,6-1,212,4.51,36.0,,,,,New York Giants / 1st / 29th pick / 2009
Troy Nolan\NolaTr99,FS,Arizona State,College Stats,6-0,206,4.58,31.5,12,117,7.06,4.30,Houston Texans / 7th / 223rd pick / 2009
Jordan Norwood\NorwJo00,WR,Penn State,College Stats,5-11,179,4.58,38.0,,119,6.80,4.20,
Chris Ogbonnaya\OgboCh00,RB,Texas,College Stats,6-0,220,4.57,35.0,19,111,6.85,4.29,St. Louis Rams / 7th / 211th pick / 2009
Kevin Ogletree\OgleKe00,WR,Virginia,College Stats,6-0,196,4.36,36.0,,122,6.67,4.08,
Michael Oher\OherMi20,OT,Mississippi,College Stats,6-4,309,5.16,30.5,21,103,7.81,4.60,Baltimore Ravens / 1st / 23rd pick / 2009
Seth Olsen\OlseSe20,OG,Iowa,College Stats,6-5,306,5.23,24.5,23,90,7.59,4.70,Denver Broncos / 4th / 132nd pick / 2009
Brian Orakpo\OrakBr99,DE,Texas,College Stats,6-3,263,4.63,39.5,31,,,,Washington Redskins / 1st / 13th pick / 2009
Branden Ore,RB,West Liberty,,5-11,214,4.61,36.0,21,112,7.35,4.44,
Greg Orton\OrtoGr00,WR,Purdue,College Stats,6-3,207,4.61,38.0,22,125,6.90,4.33,
Wopamo Osaisai\OsaiWo99,CB,Stanford,College Stats,5-10,197,4.44,,14,,,,
Chris Owens\OwenCh99,CB,San Jose State,College Stats,5-10,181,4.44,34.5,14,110,6.93,4.16,Atlanta Falcons / 3rd / 90th pick / 2009
Curtis Painter\PainCu00,QB,Purdue,College Stats,6-3,225,4.87,29.0,,102,7.00,4.48,Indianapolis Colts / 6th / 201st pick / 2009
Ryan Palmer,CB,Texas,,5-8,190,4.54,36.5,16,121,7.12,4.29,
Anthony Parker,OG,Tennessee,College Stats,6-2,297,5.08,,24,,,,
Augustus Parrish,OT,Kent State,College Stats,6-4,302,5.29,,21,78,,,
Bear Pascoe\PascBe00,TE,Fresno State,College Stats,6-5,251,4.89,26.5,,107,7.65,4.55,San Francisco 49ers / 6th / 184th pick / 2009
Darius Passmore,WR,Marshall,College Stats,6-0,188,4.46,33.5,,,,,
Cedric Peerman\PeerCe00,RB,Virginia,College Stats,5-9,216,4.34,40.0,27,117,6.99,4.29,Baltimore Ravens / 6th / 185th pick / 2009
Derek Pegues,FS,Mississippi State,College Stats,5-10,199,4.54,36.0,23,119,7.08,4.30,
Brandon Pettigrew\PettBr00,TE,Oklahoma State,College Stats,6-5,263,4.80,33.0,22,118,7.12,4.37,Detroit Lions / 1st / 20th pick / 2009
Jason Phillips\PhilJa99,ILB,TCU,College Stats,6-1,239,4.60,34.0,20,120,,4.32,Baltimore Ravens / 5th / 137th pick / 2009
John Phillips\PhilJo00,TE,Virginia,College Stats,6-5,251,4.78,33.5,20,112,6.84,4.27,Dallas Cowboys / 6th / 208th pick / 2009
Zach Potter\PottZa99,DE,Nebraska,College Stats,6-7,279,4.90,31.0,20,106,7.75,4.48,
Jerraud Powers\PoweJe99,CB,Auburn,College Stats,5-9,188,4.43,36.5,15,122,7.09,4.08,Indianapolis Colts / 3rd / 92nd pick / 2009
Myron Pryor\PryoMy99,DT,Kentucky,College Stats,6-0,319,5.03,30.0,,107,8.16,4.75,New England Patriots / 6th / 207th pick / 2009
Glover Quin\QuinGl99,FS,New Mexico,College Stats,5-11,204,4.50,38.0,22,119,7.39,4.43,Houston Texans / 4th / 112th pick / 2009
Richard Quinn\QuinRi00,TE,North Carolina,College Stats,6-4,264,4.88,32.5,24,119,7.50,4.62,Denver Broncos / 2nd / 64th pick / 2009
B.J. Raji\RajiBJ99,DT,Boston College,College Stats,6-1,337,5.12,32.0,33,103,7.90,4.69,Green Bay Packers / 1st / 9th pick / 2009
Mike Reilly,QB,Central Washington,,6-3,214,4.74,30.5,,109,6.76,4.11,
Garrett Reynolds\ReynGa20,OT,North Carolina,,6-8,309,5.32,22.0,19,94,7.87,4.88,Atlanta Falcons / 5th / 156th pick / 2009
Darryl Richard\RichDa97,DT,Georgia Tech,College Stats,6-2,303,5.08,25.5,17,,,,New England Patriots / 7th / 234th pick / 2009
David Richmond,WR,San Jose State,College Stats,6-2,197,4.59,36.5,,,,4.42,
Javon Ringer\RingJa00,RB,Michigan State,College Stats,5-9,205,4.50,34.0,23,115,6.87,4.11,Tennessee Titans / 5th / 173rd pick / 2009
Duke Robinson\RobiDu21,OG,Oklahoma,College Stats,6-5,329,5.32,,,,,,Carolina Panthers / 5th / 163rd pick / 2009
Lee Robinson\RobiLe99,OLB,Alcorn State,,6-2,249,4.71,32.5,24,113,7.57,4.67,
Brian Robiskie\RobiBr00,WR,Ohio State,College Stats,6-3,209,4.46,37.5,,,6.72,4.19,Cleveland Browns / 2nd / 36th pick / 2009
Louie Sakoda,K,Utah,College Stats,5-8,176,4.82,,,,,,
Mark Sanchez\SancMa00,QB,Southern California,College Stats,6-2,227,4.93,32.5,,116,7.06,4.21,New York Jets / 1st / 5th pick / 2009
Jamarca Sanford\SanfJa99,SS,Mississippi,College Stats,5-10,214,4.43,33.5,29,116,7.02,4.20,Minnesota Vikings / 7th / 231st pick / 2009
Lydell Sargeant\SargLy99,CB,Penn State,College Stats,5-9,190,4.48,35.0,15,117,7.00,4.21,
Bernard Scott\ScotBe00,RB,Abilene Christian,,5-10,200,4.44,36.0,21,125,6.82,4.08,Cincinnati Bengals / 6th / 209th pick / 2009
Darell Scott\ScotDo99,DT,West Virginia,,6-3,312,4.92,30.5,29,107,8.28,4.84,St. Louis Rams / 4th / 103rd pick / 2009
Matt Shaughnessy\ShauMa99,DE,Wisconsin,College Stats,6-5,266,4.86,30.5,24,112,7.68,4.88,Oakland Raiders / 3rd / 71st pick / 2009
Kory Sheets\SheeKo00,RB,Purdue,College Stats,5-11,208,4.39,37.0,15,121,7.18,4.39,
A.Q. Shipley\ShipA.20,C,Penn State,College Stats,6-1,304,5.19,31.0,33,100,7.46,4.40,Pittsburgh Steelers / 7th / 226th pick / 2009
Lawrence Sidbury\SidbLa99,DE,Illinois,,6-2,266,4.53,35.0,28,120,7.46,4.43,Atlanta Falcons / 4th / 125th pick / 2009
Clint Sintim\SintCl99,OLB,Virginia,College Stats,6-3,256,4.75,34.5,,119,7.37,4.40,New York Giants / 2nd / 45th pick / 2009
Matt Slauson\SlauMa20,OG,Nebraska,,6-5,316,5.26,34.0,,110,7.86,4.86,New York Jets / 6th / 193rd pick / 2009
Alphonso Smith\SmitAl98,CB,Wake Forest,College Stats,5-9,193,4.47,34.0,13,125,7.09,4.38,Denver Broncos / 2nd / 37th pick / 2009
Andre Smith\SmitAn23,OT,Alabama,College Stats,6-4,332,5.28,,,,,,Cincinnati Bengals / 1st / 6th pick / 2009
DeAngelo Smith\SmitDe98,CB,Cincinnati,College Stats,5-11,194,4.50,31.5,17,109,7.27,4.35,Dallas Cowboys / 5th / 143rd pick / 2009
Jason Smith\SmitJa22,OT,Baylor,College Stats,6-5,309,5.09,24.0,33,96,7.53,4.69,St. Louis Rams / 1st / 2nd pick / 2009
Sean Smith\SmitSe99,CB,Utah,College Stats,6-3,214,4.47,34.0,10,119,6.92,4.15,Miami Dolphins / 2nd / 61st pick / 2009
Brannan Southerland,FB,Georgia,College Stats,6-0,242,4.69,38.0,28,120,7.40,4.40,
Kory Sperry\SperKo00,TE,Colorado State,College Stats,6-5,238,4.69,33.5,20,122,7.00,4.24,
C.J. Spillman\SpilCJ99,FS,Marshall,College Stats,6-0,197,4.45,41.5,,122,7.05,4.33,
Matthew Stafford\StafMa00,QB,Georgia,College Stats,6-2,225,4.81,30.5,,107,7.06,4.47,Detroit Lions / 1st / 1st pick / 2009
Sammie Stroughter\StroSa00,WR,Oregon State,College Stats,5-9,189,4.45,30.0,13,110,7.03,4.28,Tampa Bay Buccaneers / 7th / 233rd pick / 2009
Stryker Sulak,DE,Missouri,College Stats,6-4,251,4.63,31.0,22,113,7.31,4.58,Oakland Raiders / 6th / 199th pick / 2009
Tyrell Sutton\SuttTy00,RB,Northwestern,College Stats,5-8,211,4.64,33.0,,114,6.94,4.32,
Sam Swank,K,Wake Forest,College Stats,6-0,193,4.95,,,,,,
Nate Swift,WR,Nebraska,College Stats,6-1,203,4.63,35.5,12,110,6.78,4.24,
Brandon Tate\TateBr00,WR,North Carolina,College Stats,6-0,183,4.52,,,,,,New England Patriots / 3rd / 83rd pick / 2009
Curtis Taylor\TaylCu99,FS,LSU,College Stats,6-2,209,4.49,37.5,13,129,7.25,4.23,San Francisco 49ers / 7th / 219th pick / 2009
Terrance Taylor,DT,Michigan,College Stats,6-0,306,5.08,30.0,37,104,7.78,5.06,Indianapolis Colts / 4th / 136th pick / 2009
Jaimie Thomas\ThomJa22,OG,Maryland,College Stats,6-4,323,5.29,,20,,,,Indianapolis Colts / 7th / 236th pick / 2009
Mike Thomas\ThomMi01,WR,Arizona,College Stats,5-8,195,4.30,40.5,,126,6.65,4.28,Jacksonville Jaguars / 4th / 107th pick / 2009
Morgan Trent\TrenMo99,CB,Michigan,College Stats,6-1,193,4.50,38.0,23,127,7.05,4.01,Cincinnati Bengals / 6th / 179th pick / 2009
Fenuki Tupou\TupoFe20,OT,Oregon,,6-5,314,5.20,25.5,24,94,8.33,5.02,Philadelphia Eagles / 5th / 159th pick / 2009
Patrick Turner\TurnPa00,WR,Southern California,College Stats,6-5,223,4.59,,,,,,Miami Dolphins / 3rd / 87th pick / 2009
Brandon Underwood\UndeBr99,FS,Cincinnati,College Stats,6-1,198,4.48,36.5,16,125,7.00,4.20,Green Bay Packers / 6th / 187th pick / 2009
Tiquan Underwood\UndeTi00,WR,Rutgers,College Stats,6-1,184,4.31,41.5,7,129,6.62,4.11,Jacksonville Jaguars / 7th / 253rd pick / 2009
Max Unger\UngeMa20,C,Oregon,College Stats,6-5,309,5.26,24.5,22,93,7.39,4.50,Seattle Seahawks / 2nd / 49th pick / 2009
Kraig Urbik\UrbiKr20,OG,Wisconsin,College Stats,6-5,328,5.25,24.0,29,94,7.87,4.89,Pittsburgh Steelers / 3rd / 79th pick / 2009
Jose Valdez\ValdJo00,OT,Arkansas,,6-4,315,5.16,29.5,15,100,7.93,4.93,
Louis Vasquez\VasqLo20,OG,Texas Tech,College Stats,6-5,333,5.22,,39,,,,San Diego Chargers / 3rd / 78th pick / 2009
Chip Vaughn\VaugCh99,SS,Wake Forest,College Stats,6-1,221,4.42,37.0,21,125,7.03,4.12,New Orleans Saints / 4th / 116th pick / 2009
David Veikune\VeikDa99,DE,Hawaii,College Stats,6-2,257,4.75,33.0,35,110,7.20,4.46,Cleveland Browns / 2nd / 52nd pick / 2009
Brandon Walker,OG,Oklahoma,College Stats,6-3,306,5.09,34.0,26,109,,5.07,
Derek Walker\WalkDe98,DE,Illinois,College Stats,6-4,268,4.98,37.5,24,115,7.31,4.41,
Vance Walker\WalkVa99,DT,Georgia Tech,College Stats,6-2,304,5.32,33.0,29,,,,Atlanta Falcons / 7th / 210th pick / 2009
Mike Wallace\WallMi00,WR,Mississippi,College Stats,6-0,199,4.33,40.0,14,129,6.90,4.27,Pittsburgh Steelers / 3rd / 84th pick / 2009
Donald Washington\WashDo98,CB,Ohio State,College Stats,6-0,197,4.50,45.0,9,135,6.84,4.20,Kansas City Chiefs / 4th / 102nd pick / 2009
Jason Watkins,OT,Florida,College Stats,6-6,318,5.51,24.5,18,90,7.89,5.03,
Lardarius Webb\WebbLa99,CB,Nicholls State,,5-10,179,4.35,36.5,15,121,6.77,4.10,Baltimore Ravens / 3rd / 88th pick / 2009
Beanie Wells\WellCh00,RB,Ohio State,College Stats,6-1,235,4.38,33.5,25,128,,,Arizona Cardinals / 1st / 31st pick / 2009
Pat White\WhitPa01,QB,West Virginia,College Stats,6-0,197,4.55,35.0,,117,7.06,4.42,Miami Dolphins / 2nd / 44th pick / 2009
Otis Wiley,SS,Michigan State,College Stats,6-1,213,4.64,,,,,,
Brandon Williams\WillBr95,DE,Texas Tech,College Stats,6-2,261,4.78,33.0,,112,7.23,4.49,Dallas Cowboys / 4th / 120th pick / 2009
Derrick Williams\WillDe05,WR,Penn State,College Stats,5-11,194,4.47,33.0,15,,,,Detroit Lions / 3rd / 82nd pick / 2009
Eddie Williams\WillEd00,FB,Idaho,College Stats,6-1,239,4.79,,23,,,,Washington Redskins / 7th / 221st pick / 2009
Edwin Williams\WillEd02,C,Maryland,College Stats,6-2,308,5.40,28.5,22,99,8.15,4.98,
Jaison Williams,WR,Oregon,College Stats,6-4,237,4.47,35.5,14,118,7.37,4.56,
Javarris Williams\WillJa05,RB,Tennessee State,,5-9,223,4.51,33.5,25,116,,,Kansas City Chiefs / 7th / 212th pick / 2009
Worrell Williams,ILB,California,College Stats,5-11,240,4.75,35.0,23,111,,,
Drew Willy\WillDr00,QB,Buffalo,College Stats,6-3,215,4.90,30.5,,109,7.18,4.45,
John Parker Wilson\WilsJo01,QB,Alabama,College Stats,6-1,219,4.75,29.5,,105,7.53,4.59,
Eric Wood\WoodEr20,C,Louisville,College Stats,6-4,310,5.19,30.5,30,99,7.56,4.51,Buffalo Bills / 1st / 28th pick / 2009
Morris Wooten,ILB,Arizona State,College Stats,6-0,231,5.00,,15,117,,,
Jahi Word-Daniels\WordJa99,CB,Georgia Tech,College Stats,6-0,197,4.59,35.5,24,122,,,
DeAndre Wright\WrigDe99,CB,New Mexico,College Stats,5-11,198,4.52,34.5,17,122,7.00,4.44,New York Giants / 6th / 200th pick / 2009
Jarius Wynn\WynnJa99,DE,Georgia,College Stats,6-3,275,4.94,31.5,19,107,7.40,4.58,Green Bay Packers / 6th / 182nd pick / 2009